--
-- PostgreSQL database dump
--

-- Dumped from database version 14.13 (Ubuntu 14.13-0ubuntu0.22.04.1)
-- Dumped by pg_dump version 14.13 (Ubuntu 14.13-0ubuntu0.22.04.1)

SET statement_timeout = 0;
SET lock_timeout = 0;
SET idle_in_transaction_session_timeout = 0;
SET client_encoding = 'UTF8';
SET standard_conforming_strings = on;
SELECT pg_catalog.set_config('search_path', '', false);
SET check_function_bodies = false;
SET xmloption = content;
SET client_min_messages = warning;
SET row_security = off;

SET default_tablespace = '';

SET default_table_access_method = heap;

--
-- Name: auth_group; Type: TABLE; Schema: public; Owner: jadrezz
--

CREATE TABLE public.auth_group (
    id integer NOT NULL,
    name character varying(150) NOT NULL
);


ALTER TABLE public.auth_group OWNER TO jadrezz;

--
-- Name: auth_group_id_seq; Type: SEQUENCE; Schema: public; Owner: jadrezz
--

ALTER TABLE public.auth_group ALTER COLUMN id ADD GENERATED BY DEFAULT AS IDENTITY (
    SEQUENCE NAME public.auth_group_id_seq
    START WITH 1
    INCREMENT BY 1
    NO MINVALUE
    NO MAXVALUE
    CACHE 1
);


--
-- Name: auth_group_permissions; Type: TABLE; Schema: public; Owner: jadrezz
--

CREATE TABLE public.auth_group_permissions (
    id bigint NOT NULL,
    group_id integer NOT NULL,
    permission_id integer NOT NULL
);


ALTER TABLE public.auth_group_permissions OWNER TO jadrezz;

--
-- Name: auth_group_permissions_id_seq; Type: SEQUENCE; Schema: public; Owner: jadrezz
--

ALTER TABLE public.auth_group_permissions ALTER COLUMN id ADD GENERATED BY DEFAULT AS IDENTITY (
    SEQUENCE NAME public.auth_group_permissions_id_seq
    START WITH 1
    INCREMENT BY 1
    NO MINVALUE
    NO MAXVALUE
    CACHE 1
);


--
-- Name: auth_permission; Type: TABLE; Schema: public; Owner: jadrezz
--

CREATE TABLE public.auth_permission (
    id integer NOT NULL,
    name character varying(255) NOT NULL,
    content_type_id integer NOT NULL,
    codename character varying(100) NOT NULL
);


ALTER TABLE public.auth_permission OWNER TO jadrezz;

--
-- Name: auth_permission_id_seq; Type: SEQUENCE; Schema: public; Owner: jadrezz
--

ALTER TABLE public.auth_permission ALTER COLUMN id ADD GENERATED BY DEFAULT AS IDENTITY (
    SEQUENCE NAME public.auth_permission_id_seq
    START WITH 1
    INCREMENT BY 1
    NO MINVALUE
    NO MAXVALUE
    CACHE 1
);


--
-- Name: blog_categories; Type: TABLE; Schema: public; Owner: jadrezz
--

CREATE TABLE public.blog_categories (
    id bigint NOT NULL,
    cat_name character varying(255) NOT NULL,
    slug character varying(50) NOT NULL
);


ALTER TABLE public.blog_categories OWNER TO jadrezz;

--
-- Name: blog_categories_id_seq; Type: SEQUENCE; Schema: public; Owner: jadrezz
--

ALTER TABLE public.blog_categories ALTER COLUMN id ADD GENERATED BY DEFAULT AS IDENTITY (
    SEQUENCE NAME public.blog_categories_id_seq
    START WITH 1
    INCREMENT BY 1
    NO MINVALUE
    NO MAXVALUE
    CACHE 1
);


--
-- Name: blog_comment; Type: TABLE; Schema: public; Owner: jadrezz
--

CREATE TABLE public.blog_comment (
    id uuid NOT NULL,
    comment character varying(255) NOT NULL,
    comment_created timestamp with time zone NOT NULL,
    author_id bigint,
    post_id bigint NOT NULL
);


ALTER TABLE public.blog_comment OWNER TO jadrezz;

--
-- Name: blog_leftmessage; Type: TABLE; Schema: public; Owner: jadrezz
--

CREATE TABLE public.blog_leftmessage (
    id bigint NOT NULL,
    name character varying(255) NOT NULL,
    email character varying(254) NOT NULL,
    need_answer boolean NOT NULL,
    content text NOT NULL,
    answered boolean NOT NULL
);


ALTER TABLE public.blog_leftmessage OWNER TO jadrezz;

--
-- Name: blog_leftmessage_id_seq; Type: SEQUENCE; Schema: public; Owner: jadrezz
--

ALTER TABLE public.blog_leftmessage ALTER COLUMN id ADD GENERATED BY DEFAULT AS IDENTITY (
    SEQUENCE NAME public.blog_leftmessage_id_seq
    START WITH 1
    INCREMENT BY 1
    NO MINVALUE
    NO MAXVALUE
    CACHE 1
);


--
-- Name: blog_posts; Type: TABLE; Schema: public; Owner: jadrezz
--

CREATE TABLE public.blog_posts (
    id bigint NOT NULL,
    title character varying(200) NOT NULL,
    slug character varying(50) NOT NULL,
    content text NOT NULL,
    status character varying(2) NOT NULL,
    timestamp_created timestamp with time zone NOT NULL,
    timestamp_edited timestamp with time zone NOT NULL,
    total_seen integer NOT NULL,
    author_id bigint NOT NULL,
    category_id bigint NOT NULL
);


ALTER TABLE public.blog_posts OWNER TO jadrezz;

--
-- Name: blog_posts_id_seq; Type: SEQUENCE; Schema: public; Owner: jadrezz
--

ALTER TABLE public.blog_posts ALTER COLUMN id ADD GENERATED BY DEFAULT AS IDENTITY (
    SEQUENCE NAME public.blog_posts_id_seq
    START WITH 1
    INCREMENT BY 1
    NO MINVALUE
    NO MAXVALUE
    CACHE 1
);


--
-- Name: blog_posts_tags; Type: TABLE; Schema: public; Owner: jadrezz
--

CREATE TABLE public.blog_posts_tags (
    id bigint NOT NULL,
    post_id bigint NOT NULL,
    tags_id bigint NOT NULL
);


ALTER TABLE public.blog_posts_tags OWNER TO jadrezz;

--
-- Name: blog_posts_tags_id_seq; Type: SEQUENCE; Schema: public; Owner: jadrezz
--

ALTER TABLE public.blog_posts_tags ALTER COLUMN id ADD GENERATED BY DEFAULT AS IDENTITY (
    SEQUENCE NAME public.blog_posts_tags_id_seq
    START WITH 1
    INCREMENT BY 1
    NO MINVALUE
    NO MAXVALUE
    CACHE 1
);


--
-- Name: blog_tags; Type: TABLE; Schema: public; Owner: jadrezz
--

CREATE TABLE public.blog_tags (
    id bigint NOT NULL,
    tag_name character varying(256) NOT NULL,
    slug character varying(50) NOT NULL
);


ALTER TABLE public.blog_tags OWNER TO jadrezz;

--
-- Name: blog_tags_id_seq; Type: SEQUENCE; Schema: public; Owner: jadrezz
--

ALTER TABLE public.blog_tags ALTER COLUMN id ADD GENERATED BY DEFAULT AS IDENTITY (
    SEQUENCE NAME public.blog_tags_id_seq
    START WITH 1
    INCREMENT BY 1
    NO MINVALUE
    NO MAXVALUE
    CACHE 1
);


--
-- Name: django_admin_log; Type: TABLE; Schema: public; Owner: jadrezz
--

CREATE TABLE public.django_admin_log (
    id integer NOT NULL,
    action_time timestamp with time zone NOT NULL,
    object_id text,
    object_repr character varying(200) NOT NULL,
    action_flag smallint NOT NULL,
    change_message text NOT NULL,
    content_type_id integer,
    user_id bigint NOT NULL,
    CONSTRAINT django_admin_log_action_flag_check CHECK ((action_flag >= 0))
);


ALTER TABLE public.django_admin_log OWNER TO jadrezz;

--
-- Name: django_admin_log_id_seq; Type: SEQUENCE; Schema: public; Owner: jadrezz
--

ALTER TABLE public.django_admin_log ALTER COLUMN id ADD GENERATED BY DEFAULT AS IDENTITY (
    SEQUENCE NAME public.django_admin_log_id_seq
    START WITH 1
    INCREMENT BY 1
    NO MINVALUE
    NO MAXVALUE
    CACHE 1
);


--
-- Name: django_content_type; Type: TABLE; Schema: public; Owner: jadrezz
--

CREATE TABLE public.django_content_type (
    id integer NOT NULL,
    app_label character varying(100) NOT NULL,
    model character varying(100) NOT NULL
);


ALTER TABLE public.django_content_type OWNER TO jadrezz;

--
-- Name: django_content_type_id_seq; Type: SEQUENCE; Schema: public; Owner: jadrezz
--

ALTER TABLE public.django_content_type ALTER COLUMN id ADD GENERATED BY DEFAULT AS IDENTITY (
    SEQUENCE NAME public.django_content_type_id_seq
    START WITH 1
    INCREMENT BY 1
    NO MINVALUE
    NO MAXVALUE
    CACHE 1
);


--
-- Name: django_migrations; Type: TABLE; Schema: public; Owner: jadrezz
--

CREATE TABLE public.django_migrations (
    id bigint NOT NULL,
    app character varying(255) NOT NULL,
    name character varying(255) NOT NULL,
    applied timestamp with time zone NOT NULL
);


ALTER TABLE public.django_migrations OWNER TO jadrezz;

--
-- Name: django_migrations_id_seq; Type: SEQUENCE; Schema: public; Owner: jadrezz
--

ALTER TABLE public.django_migrations ALTER COLUMN id ADD GENERATED BY DEFAULT AS IDENTITY (
    SEQUENCE NAME public.django_migrations_id_seq
    START WITH 1
    INCREMENT BY 1
    NO MINVALUE
    NO MAXVALUE
    CACHE 1
);


--
-- Name: django_session; Type: TABLE; Schema: public; Owner: jadrezz
--

CREATE TABLE public.django_session (
    session_key character varying(40) NOT NULL,
    session_data text NOT NULL,
    expire_date timestamp with time zone NOT NULL
);


ALTER TABLE public.django_session OWNER TO jadrezz;

--
-- Name: users_myuser; Type: TABLE; Schema: public; Owner: jadrezz
--

CREATE TABLE public.users_myuser (
    id bigint NOT NULL,
    password character varying(128) NOT NULL,
    last_login timestamp with time zone,
    is_superuser boolean NOT NULL,
    username character varying(150) NOT NULL,
    first_name character varying(150) NOT NULL,
    last_name character varying(150) NOT NULL,
    email character varying(254) NOT NULL,
    is_staff boolean NOT NULL,
    is_active boolean NOT NULL,
    date_joined timestamp with time zone NOT NULL
);


ALTER TABLE public.users_myuser OWNER TO jadrezz;

--
-- Name: users_myuser_groups; Type: TABLE; Schema: public; Owner: jadrezz
--

CREATE TABLE public.users_myuser_groups (
    id bigint NOT NULL,
    myuser_id bigint NOT NULL,
    group_id integer NOT NULL
);


ALTER TABLE public.users_myuser_groups OWNER TO jadrezz;

--
-- Name: users_myuser_groups_id_seq; Type: SEQUENCE; Schema: public; Owner: jadrezz
--

ALTER TABLE public.users_myuser_groups ALTER COLUMN id ADD GENERATED BY DEFAULT AS IDENTITY (
    SEQUENCE NAME public.users_myuser_groups_id_seq
    START WITH 1
    INCREMENT BY 1
    NO MINVALUE
    NO MAXVALUE
    CACHE 1
);


--
-- Name: users_myuser_id_seq; Type: SEQUENCE; Schema: public; Owner: jadrezz
--

ALTER TABLE public.users_myuser ALTER COLUMN id ADD GENERATED BY DEFAULT AS IDENTITY (
    SEQUENCE NAME public.users_myuser_id_seq
    START WITH 1
    INCREMENT BY 1
    NO MINVALUE
    NO MAXVALUE
    CACHE 1
);


--
-- Name: users_myuser_user_permissions; Type: TABLE; Schema: public; Owner: jadrezz
--

CREATE TABLE public.users_myuser_user_permissions (
    id bigint NOT NULL,
    myuser_id bigint NOT NULL,
    permission_id integer NOT NULL
);


ALTER TABLE public.users_myuser_user_permissions OWNER TO jadrezz;

--
-- Name: users_myuser_user_permissions_id_seq; Type: SEQUENCE; Schema: public; Owner: jadrezz
--

ALTER TABLE public.users_myuser_user_permissions ALTER COLUMN id ADD GENERATED BY DEFAULT AS IDENTITY (
    SEQUENCE NAME public.users_myuser_user_permissions_id_seq
    START WITH 1
    INCREMENT BY 1
    NO MINVALUE
    NO MAXVALUE
    CACHE 1
);


--
-- Data for Name: auth_group; Type: TABLE DATA; Schema: public; Owner: jadrezz
--

COPY public.auth_group (id, name) FROM stdin;
\.


--
-- Data for Name: auth_group_permissions; Type: TABLE DATA; Schema: public; Owner: jadrezz
--

COPY public.auth_group_permissions (id, group_id, permission_id) FROM stdin;
\.


--
-- Data for Name: auth_permission; Type: TABLE DATA; Schema: public; Owner: jadrezz
--

COPY public.auth_permission (id, name, content_type_id, codename) FROM stdin;
1	Can add log entry	1	add_logentry
2	Can change log entry	1	change_logentry
3	Can delete log entry	1	delete_logentry
4	Can view log entry	1	view_logentry
5	Can add permission	2	add_permission
6	Can change permission	2	change_permission
7	Can delete permission	2	delete_permission
8	Can view permission	2	view_permission
9	Can add group	3	add_group
10	Can change group	3	change_group
11	Can delete group	3	delete_group
12	Can view group	3	view_group
13	Can add content type	4	add_contenttype
14	Can change content type	4	change_contenttype
15	Can delete content type	4	delete_contenttype
16	Can view content type	4	view_contenttype
17	Can add session	5	add_session
18	Can change session	5	change_session
19	Can delete session	5	delete_session
20	Can view session	5	view_session
21	Can add category	6	add_category
22	Can change category	6	change_category
23	Can delete category	6	delete_category
24	Can view category	6	view_category
25	Can add comment	7	add_comment
26	Can change comment	7	change_comment
27	Can delete comment	7	delete_comment
28	Can view comment	7	view_comment
29	Can add left message	8	add_leftmessage
30	Can change left message	8	change_leftmessage
31	Can delete left message	8	delete_leftmessage
32	Can view left message	8	view_leftmessage
33	Can add post	9	add_post
34	Can change post	9	change_post
35	Can delete post	9	delete_post
36	Can view post	9	view_post
37	Can add tags	10	add_tags
38	Can change tags	10	change_tags
39	Can delete tags	10	delete_tags
40	Can view tags	10	view_tags
41	Can add user	11	add_myuser
42	Can change user	11	change_myuser
43	Can delete user	11	delete_myuser
44	Can view user	11	view_myuser
\.


--
-- Data for Name: blog_categories; Type: TABLE DATA; Schema: public; Owner: jadrezz
--

COPY public.blog_categories (id, cat_name, slug) FROM stdin;
1	Категория 1	category-1
2	Категория 2	category-2
3	Категория 3	category-3
\.


--
-- Data for Name: blog_comment; Type: TABLE DATA; Schema: public; Owner: jadrezz
--

COPY public.blog_comment (id, comment, comment_created, author_id, post_id) FROM stdin;
e6ee9ed1-3e6d-4de8-b206-bfde36664449	Тест 1	2024-09-08 10:51:36.644935+03	1	1
177fda59-f155-4cf7-8bc9-80f6dadcb57e	коммент 1	2024-09-08 11:02:18.666953+03	\N	7
45b8d919-9f17-4e16-b9d7-0b8670a8781e	админ	2024-09-08 11:02:29.736114+03	1	7
b76f5b3e-5dab-4062-9d7a-1c3121e89256	коммент анона	2024-09-08 11:50:32.321533+03	\N	7
1e810bfb-725c-427d-abe3-863267c4ae2b	коммент 123	2024-09-08 11:52:57.078128+03	\N	1
c9bd84bd-6f8c-4fde-b052-0757bd5b3aee	test comment	2024-09-08 11:53:55.953709+03	\N	5
7c2deffe-19ff-4492-836b-82bacb2ddba7	авторизованный юзер	2024-09-08 11:54:44.344638+03	12	7
84dc5d60-16af-4c76-aabf-363c621910d6	тестствывы	2024-09-09 12:03:21.99758+03	\N	19
bde30b6f-6be6-43b3-8493-89e9692739ab	админ	2024-09-09 12:03:44.337136+03	1	20
b797b289-3111-491e-b99e-c3d39e58a6ae	выфвфывфф	2024-09-09 12:03:46.502973+03	1	20
fbf566c8-9ccb-4823-9469-fc2300a963f3	test comment	2024-09-09 14:00:44.716728+03	\N	21
264712e3-23cc-4dd2-b5ca-be07a3cdab14	testtt	2024-09-09 14:00:59.884325+03	14	20
\.


--
-- Data for Name: blog_leftmessage; Type: TABLE DATA; Schema: public; Owner: jadrezz
--

COPY public.blog_leftmessage (id, name, email, need_answer, content, answered) FROM stdin;
1	assdsd	ksdkks@gmail.ru	f	dsdss	f
\.


--
-- Data for Name: blog_posts; Type: TABLE DATA; Schema: public; Owner: jadrezz
--

COPY public.blog_posts (id, title, slug, content, status, timestamp_created, timestamp_edited, total_seen, author_id, category_id) FROM stdin;
2	Статья 2	statya-2	ac libero at arcu aliquam bibendum. In dictum risus in lectus luctus ornare. Nam eget aliquet sapien. Aenean congue rutrum tortor, ac luctus turpis interdum quis. Mauris mollis lacinia quam eu tempus. Integer aliquam metus sit amet hendrerit tempor. Morbi nisi velit, consequat eu auctor nec, bibendum a la	PB	2024-09-08 10:51:58.215227+03	2024-09-08 10:51:58.21525+03	0	1	1
3	Статья 3	statya-3	ullam id ipsum pretium, vehicula erat congue, scelerisque odio. Donec varius, odio vitae mollis ommodo, leo leo suscipit sem, non tincidunt dui tellus at est. Lorem ipsum dolor sit amet, consectetur adipiscing elit. Curabitur vitae velit eget massa auctor auctor in mollis elit. Curabitur at ipsum vitae eros tempus sagittis vel id neque. Praesent vitae ex id tortor suscipit fermentum a at elit. Vestibulum a nibh et nisl aliquam rutrum. Etiam congue nec odio quis imperdiet. Nunc sodales lectus eget malesuada euismod. Nulla facilisi. Morbi vel feugiat mauris, imperdiet feugiat sem.	PB	2024-09-08 10:52:16.511841+03	2024-09-08 10:52:16.511867+03	0	1	3
1	Статья 1	statya-1	Lorem ipsum dolor sit amet, consectetur adipiscing elit. Quisque consequat enim sit amet condimentum lobortis. Vivamus id tincidunt risus. Pellentesque laoreet turpis erat, id volutpat est varius vitae. In vehicula suscipit risus, vitae mollis neque fermentum sit amet. Nullam vitae ultrices felis. Curabitur fringilla ex efficitur, pharetra libero in, fermentum felis. Nunc id dignissim lacus, sed pharetra eros. Nulla fringilla eros cursus, porttitor urna at, lacinia sem. Donec pretium, arcu at tempus tincidunt, magna felis malesuada ipsum, ac tincidunt lacus justo auctor arcu. Vestibulum id malesuada lectus. Vestibulum ante	PB	2024-09-08 10:51:22.608736+03	2024-09-08 10:51:22.608759+03	2	1	1
6	Статья 6	statya-6	s at est. Lorem ipsum dolor sit amet, consectetur adipiscing elit. Curabitur vitae velit eget massa auctor auctor in mollis elit. Curabitur at ipsum vitae eros tempus sagittis vel id neque. Praesent vitae ex id tortor suscipit fermentum a at elit. Vestibulum a nibh et nisl aliquam rutrum. Etiam congue nec odio quis imperdiet. Nunc sodales lectus eget malesuada euismod. Nulla facilisi. Morbi vel feugiat mauris, imperdiet feugiat sem.	PB	2024-09-08 10:53:04.609201+03	2024-09-08 10:53:04.60923+03	1	1	2
4	Статья 4	statya-4	Curabitur in tortor tellus. Vivamus elementum blandit dapibus. Sed aliquet sagittis orci. Praesent molestie magna et ipsum elementum euismod. Donec ac lobortis enim. Suspendisse tincidunt eros at blandit finibus. Maecenas a justo non sapien sollicitudin congue. Vestibulum ut quam at tortor tempor tempor ac sed nisi. Mauris leo erat, tincidunt a lacus vel, congue efficitur leo. Integer a elit eros. Ut efficitur ex eu massa cursus sagittis. Etiam ut lacinia diam, quis ultricies enim.	PB	2024-09-08 10:52:35.39557+03	2024-09-08 10:52:35.395595+03	1	1	1
7	Статья 7	statya-7	s at est. Lorem ipsum dolor sit amet, consectetur adipiscing elit. Curabitur vitae velit eget massa auctor auctor in mollis elit. Curabitur at ipsum vitae eros tempus sagittis vel id neque. Praesent vitae ex id tortor suscipit fermentum a at elit. Vestibulum a nibh et nisl aliquam rutrum. Etiam congue nec odio quis imperdiet. Nunc sodales lectus eget malesuada euismod. Nulla facilisi. Morbi vel feugiat mauris, imperdiet feugiat sem.	PB	2024-09-08 10:53:13.714938+03	2024-09-08 10:53:13.714961+03	2	1	1
5	Статья 5	statya-5	Curabitur in tortor tellus. Vivamus elementum blandit dapibus. Sed aliquet sagittis orci. Praesent molestie magna et ipsum elementum euismod. Donec ac lobortis enim. Suspendisse tincidunt eros at blandit finibus. Maecenas a justo non sapien sollicitudin congue. Vestibulum ut quam at tortor tempor tempor ac sed nisi. Mauris leo erat, tincidunt a lacus vel, congue efficitur leo. Integer a elit eros. Ut efficitur ex eu massa cursus sagittis. Etiam ut lacinia diam, quis ultricies enim.	PB	2024-09-08 10:52:51.957016+03	2024-09-08 10:52:51.957042+03	2	1	2
18	тест етст	test		DF	2024-09-08 20:22:18.591791+03	2024-09-08 20:22:18.591812+03	0	1	1
19	Тестовая статья №1	test-1	тест	PB	2024-09-08 20:35:12.706427+03	2024-09-08 20:35:12.706447+03	2	13	2
21	уцйцйуцйц	uccucc	ыйвыфвфвф	PB	2024-09-09 12:07:44.138442+03	2024-09-09 12:07:44.138465+03	3	1	3
20	тестовая стАтья № 4	testovaya-statya-no-4	тест	PB	2024-09-08 20:36:12.150319+03	2024-09-08 20:36:12.150341+03	4	13	2
\.


--
-- Data for Name: blog_posts_tags; Type: TABLE DATA; Schema: public; Owner: jadrezz
--

COPY public.blog_posts_tags (id, post_id, tags_id) FROM stdin;
1	1	2
2	2	1
3	2	2
4	2	3
5	3	3
6	6	2
\.


--
-- Data for Name: blog_tags; Type: TABLE DATA; Schema: public; Owner: jadrezz
--

COPY public.blog_tags (id, tag_name, slug) FROM stdin;
1	Тег 1	teg-1
2	Тег 2	teg-2
3	Тег 3	teg-3
\.


--
-- Data for Name: django_admin_log; Type: TABLE DATA; Schema: public; Owner: jadrezz
--

COPY public.django_admin_log (id, action_time, object_id, object_repr, action_flag, change_message, content_type_id, user_id) FROM stdin;
1	2024-09-08 10:50:22.55518+03	1	Категория 1	1	[{"added": {}}]	6	1
2	2024-09-08 10:50:31.20649+03	2	Категория 2	1	[{"added": {}}]	6	1
3	2024-09-08 10:50:39.904014+03	3	Категория 3	1	[{"added": {}}]	6	1
4	2024-09-08 10:50:47.534121+03	1	Тег 1	1	[{"added": {}}]	10	1
5	2024-09-08 10:50:51.548051+03	2	Тег 2	1	[{"added": {}}]	10	1
6	2024-09-08 10:50:54.776357+03	3	Тег 3	1	[{"added": {}}]	10	1
7	2024-09-08 10:51:22.615495+03	1	Статья 1	1	[{"added": {}}]	9	1
8	2024-09-08 10:51:58.221407+03	2	Статья 2	1	[{"added": {}}]	9	1
9	2024-09-08 10:52:16.518674+03	3	Статья 3	1	[{"added": {}}]	9	1
10	2024-09-08 10:52:35.4013+03	4	Статья 4	1	[{"added": {}}]	9	1
11	2024-09-08 10:52:51.963404+03	5	Статья 5	1	[{"added": {}}]	9	1
12	2024-09-08 10:53:04.615903+03	6	Статья 6	1	[{"added": {}}]	9	1
13	2024-09-08 10:53:13.719633+03	7	Статья 7	1	[{"added": {}}]	9	1
\.


--
-- Data for Name: django_content_type; Type: TABLE DATA; Schema: public; Owner: jadrezz
--

COPY public.django_content_type (id, app_label, model) FROM stdin;
1	admin	logentry
2	auth	permission
3	auth	group
4	contenttypes	contenttype
5	sessions	session
6	blog	category
7	blog	comment
8	blog	leftmessage
9	blog	post
10	blog	tags
11	users	myuser
\.


--
-- Data for Name: django_migrations; Type: TABLE DATA; Schema: public; Owner: jadrezz
--

COPY public.django_migrations (id, app, name, applied) FROM stdin;
1	contenttypes	0001_initial	2024-09-08 10:48:26.480279+03
2	contenttypes	0002_remove_content_type_name	2024-09-08 10:48:26.489905+03
3	auth	0001_initial	2024-09-08 10:48:26.549383+03
4	auth	0002_alter_permission_name_max_length	2024-09-08 10:48:26.55647+03
5	auth	0003_alter_user_email_max_length	2024-09-08 10:48:26.563678+03
6	auth	0004_alter_user_username_opts	2024-09-08 10:48:26.570392+03
7	auth	0005_alter_user_last_login_null	2024-09-08 10:48:26.576483+03
8	auth	0006_require_contenttypes_0002	2024-09-08 10:48:26.578873+03
9	auth	0007_alter_validators_add_error_messages	2024-09-08 10:48:26.584395+03
10	auth	0008_alter_user_username_max_length	2024-09-08 10:48:26.591701+03
11	auth	0009_alter_user_last_name_max_length	2024-09-08 10:48:26.598126+03
12	auth	0010_alter_group_name_max_length	2024-09-08 10:48:26.606905+03
13	auth	0011_update_proxy_permissions	2024-09-08 10:48:26.615405+03
14	auth	0012_alter_user_first_name_max_length	2024-09-08 10:48:26.622401+03
15	users	0001_initial	2024-09-08 10:48:26.684247+03
16	admin	0001_initial	2024-09-08 10:48:26.710082+03
17	admin	0002_logentry_remove_auto_add	2024-09-08 10:48:26.717244+03
18	admin	0003_logentry_add_action_flag_choices	2024-09-08 10:48:26.724867+03
19	blog	0001_initial	2024-09-08 10:48:26.792337+03
20	blog	0002_initial	2024-09-08 10:48:26.900376+03
21	sessions	0001_initial	2024-09-08 10:48:26.920862+03
\.


--
-- Data for Name: django_session; Type: TABLE DATA; Schema: public; Owner: jadrezz
--

COPY public.django_session (session_key, session_data, expire_date) FROM stdin;
szokmx5x3g5o6fqvdrppus0mqn1mpjme	.eJxVjMsOwiAUBf-FtSEFwsule7-BcB9I1dCktKvGfzckXej2zMw5RMr7VtPeeU0ziatQ4vK7QcYXtwHomdtjkbi0bZ1BDkWetMv7Qvy-ne7fQc29jtpYLOzZBIPeTFEjE00cveISSYF1qNFrBMsWiYPVPjtyEAxn4FDE5wsIHzk1:1sncAD:cEE1mS8TE9_3fhA1f3jA08Bwjx2KBGjRqNZCuEjDkSU	2024-09-23 14:02:33.755358+03
\.


--
-- Data for Name: users_myuser; Type: TABLE DATA; Schema: public; Owner: jadrezz
--

COPY public.users_myuser (id, password, last_login, is_superuser, username, first_name, last_name, email, is_staff, is_active, date_joined) FROM stdin;
2	pbkdf2_sha256$720000$tfR1IB1Xh7EPzPiNU8FRyk$C/3ZDmuzD/Wn/iCydZi8IpNdkoSz6hH3LgQckN48r5k=	2024-09-08 11:33:59.688292+03	f	user				f	t	2024-09-08 11:33:42.741083+03
3	pbkdf2_sha256$720000$apsDt4eD2UgGlVso4rOrit$tqv4pEJ4nbQsQ+4oc25zRV1mGpWLKE+IyvHbetTskPA=	\N	f	newuser				f	t	2024-09-08 11:35:13.291553+03
4	pbkdf2_sha256$720000$gntg9RY6vfAME5aoR05PbI$r9Jcw56uMdHJ5gLsXrCaPYBIPLi3qYIXWy8RcUffylU=	\N	f	lolka				f	t	2024-09-08 11:36:19.738266+03
5	pbkdf2_sha256$720000$UEOGknTDM7ZzK7U4eAjZs8$nY5sKBaNpSWBJBB6uxgu53IhUn9iEuTcgUc/xhIw/vY=	\N	f	testprofile				f	t	2024-09-08 11:40:16.418762+03
6	pbkdf2_sha256$720000$iL8pS87RbUPe1URX62b6Nw$54+vyxCU0lDoRCBFbe8NbcLeH72mwNa4tCowS97p1+8=	\N	f	testprofile1				f	t	2024-09-08 11:42:06.161952+03
7	pbkdf2_sha256$720000$xRXn10TdZ9Al2tetRtoArm$Jc6BTBDefic3lzEY6smH1LHd/R5d6pfUjBWMIhPipEM=	\N	f	testprofile12				f	t	2024-09-08 11:43:42.28892+03
8	pbkdf2_sha256$720000$uLofjSCDXinLYOUa9KfJV5$iZtu7bCeem165XpthzH3JgfZ+FIbGTITa9d2DnR9tlU=	\N	f	1testprofile122				f	t	2024-09-08 11:44:30.72402+03
9	pbkdf2_sha256$720000$qtHeZEgeU9FG4gwX0u7491$sxSpZlEHE369mmHt3y2DnyTEC1n3u/uPjHdqFKzeJVg=	\N	f	testaccount				f	t	2024-09-08 11:47:09.777979+03
10	pbkdf2_sha256$720000$iCodjbeyHXM6HmpaTXmKet$lm40Zhad6HU8yZ5SLDcMP7+n25gtjINmrNZ8V9Xj1D8=	\N	f	testaccount1				f	t	2024-09-08 11:47:31.857111+03
11	pbkdf2_sha256$720000$Y82OSkdTHrD8CfbLZbAR1W$nQbZOdJbbysJoAh+5IKoJi6mA3gD8YK83wnWWVq3a4I=	\N	f	testacc				f	t	2024-09-08 11:47:53.478903+03
12	pbkdf2_sha256$720000$paP0AlLNyotRHix1WLQcVH$naT2mvQxqODNVMrkr3s6YeNX6bmvCdLi/INORaGEujs=	2024-09-08 11:54:32.655888+03	f	logintest				f	t	2024-09-08 11:54:12.16183+03
13	pbkdf2_sha256$720000$ZwWlxCJAyMmOkC7H0p9EaQ$av11O39Zy8GcJ9J6MNcR745DN0k4f4Sq7qc6pG02yb8=	2024-09-08 20:35:00.425592+03	f	testlogin				f	t	2024-09-08 20:34:33.445696+03
14	pbkdf2_sha256$720000$65d3icSYNERbJ0RSUyy6Sv$YqYuuS3ZH4rt4u9mZBx4fLFvx9I+GrSG2+aqXQ9bpy4=	2024-09-09 14:00:53.875028+03	f	testlogin2				f	t	2024-09-09 14:00:34.630098+03
1	pbkdf2_sha256$720000$kjZfedCw7r6WW4WbsqJpan$Prm4f4b3VwU4oGGX+1GGAxyZFtfuzY7OrcDR9fbgcLg=	2024-09-09 14:02:33.70442+03	t	adm				t	t	2024-09-08 10:49:14.420917+03
\.


--
-- Data for Name: users_myuser_groups; Type: TABLE DATA; Schema: public; Owner: jadrezz
--

COPY public.users_myuser_groups (id, myuser_id, group_id) FROM stdin;
\.


--
-- Data for Name: users_myuser_user_permissions; Type: TABLE DATA; Schema: public; Owner: jadrezz
--

COPY public.users_myuser_user_permissions (id, myuser_id, permission_id) FROM stdin;
\.


--
-- Name: auth_group_id_seq; Type: SEQUENCE SET; Schema: public; Owner: jadrezz
--

SELECT pg_catalog.setval('public.auth_group_id_seq', 1, false);


--
-- Name: auth_group_permissions_id_seq; Type: SEQUENCE SET; Schema: public; Owner: jadrezz
--

SELECT pg_catalog.setval('public.auth_group_permissions_id_seq', 1, false);


--
-- Name: auth_permission_id_seq; Type: SEQUENCE SET; Schema: public; Owner: jadrezz
--

SELECT pg_catalog.setval('public.auth_permission_id_seq', 44, true);


--
-- Name: blog_categories_id_seq; Type: SEQUENCE SET; Schema: public; Owner: jadrezz
--

SELECT pg_catalog.setval('public.blog_categories_id_seq', 3, true);


--
-- Name: blog_leftmessage_id_seq; Type: SEQUENCE SET; Schema: public; Owner: jadrezz
--

SELECT pg_catalog.setval('public.blog_leftmessage_id_seq', 1, true);


--
-- Name: blog_posts_id_seq; Type: SEQUENCE SET; Schema: public; Owner: jadrezz
--

SELECT pg_catalog.setval('public.blog_posts_id_seq', 21, true);


--
-- Name: blog_posts_tags_id_seq; Type: SEQUENCE SET; Schema: public; Owner: jadrezz
--

SELECT pg_catalog.setval('public.blog_posts_tags_id_seq', 6, true);


--
-- Name: blog_tags_id_seq; Type: SEQUENCE SET; Schema: public; Owner: jadrezz
--

SELECT pg_catalog.setval('public.blog_tags_id_seq', 3, true);


--
-- Name: django_admin_log_id_seq; Type: SEQUENCE SET; Schema: public; Owner: jadrezz
--

SELECT pg_catalog.setval('public.django_admin_log_id_seq', 13, true);


--
-- Name: django_content_type_id_seq; Type: SEQUENCE SET; Schema: public; Owner: jadrezz
--

SELECT pg_catalog.setval('public.django_content_type_id_seq', 11, true);


--
-- Name: django_migrations_id_seq; Type: SEQUENCE SET; Schema: public; Owner: jadrezz
--

SELECT pg_catalog.setval('public.django_migrations_id_seq', 21, true);


--
-- Name: users_myuser_groups_id_seq; Type: SEQUENCE SET; Schema: public; Owner: jadrezz
--

SELECT pg_catalog.setval('public.users_myuser_groups_id_seq', 1, false);


--
-- Name: users_myuser_id_seq; Type: SEQUENCE SET; Schema: public; Owner: jadrezz
--

SELECT pg_catalog.setval('public.users_myuser_id_seq', 14, true);


--
-- Name: users_myuser_user_permissions_id_seq; Type: SEQUENCE SET; Schema: public; Owner: jadrezz
--

SELECT pg_catalog.setval('public.users_myuser_user_permissions_id_seq', 1, false);


--
-- Name: auth_group auth_group_name_key; Type: CONSTRAINT; Schema: public; Owner: jadrezz
--

ALTER TABLE ONLY public.auth_group
    ADD CONSTRAINT auth_group_name_key UNIQUE (name);


--
-- Name: auth_group_permissions auth_group_permissions_group_id_permission_id_0cd325b0_uniq; Type: CONSTRAINT; Schema: public; Owner: jadrezz
--

ALTER TABLE ONLY public.auth_group_permissions
    ADD CONSTRAINT auth_group_permissions_group_id_permission_id_0cd325b0_uniq UNIQUE (group_id, permission_id);


--
-- Name: auth_group_permissions auth_group_permissions_pkey; Type: CONSTRAINT; Schema: public; Owner: jadrezz
--

ALTER TABLE ONLY public.auth_group_permissions
    ADD CONSTRAINT auth_group_permissions_pkey PRIMARY KEY (id);


--
-- Name: auth_group auth_group_pkey; Type: CONSTRAINT; Schema: public; Owner: jadrezz
--

ALTER TABLE ONLY public.auth_group
    ADD CONSTRAINT auth_group_pkey PRIMARY KEY (id);


--
-- Name: auth_permission auth_permission_content_type_id_codename_01ab375a_uniq; Type: CONSTRAINT; Schema: public; Owner: jadrezz
--

ALTER TABLE ONLY public.auth_permission
    ADD CONSTRAINT auth_permission_content_type_id_codename_01ab375a_uniq UNIQUE (content_type_id, codename);


--
-- Name: auth_permission auth_permission_pkey; Type: CONSTRAINT; Schema: public; Owner: jadrezz
--

ALTER TABLE ONLY public.auth_permission
    ADD CONSTRAINT auth_permission_pkey PRIMARY KEY (id);


--
-- Name: blog_categories blog_categories_cat_name_key; Type: CONSTRAINT; Schema: public; Owner: jadrezz
--

ALTER TABLE ONLY public.blog_categories
    ADD CONSTRAINT blog_categories_cat_name_key UNIQUE (cat_name);


--
-- Name: blog_categories blog_categories_pkey; Type: CONSTRAINT; Schema: public; Owner: jadrezz
--

ALTER TABLE ONLY public.blog_categories
    ADD CONSTRAINT blog_categories_pkey PRIMARY KEY (id);


--
-- Name: blog_categories blog_categories_slug_key; Type: CONSTRAINT; Schema: public; Owner: jadrezz
--

ALTER TABLE ONLY public.blog_categories
    ADD CONSTRAINT blog_categories_slug_key UNIQUE (slug);


--
-- Name: blog_comment blog_comment_pkey; Type: CONSTRAINT; Schema: public; Owner: jadrezz
--

ALTER TABLE ONLY public.blog_comment
    ADD CONSTRAINT blog_comment_pkey PRIMARY KEY (id);


--
-- Name: blog_leftmessage blog_leftmessage_pkey; Type: CONSTRAINT; Schema: public; Owner: jadrezz
--

ALTER TABLE ONLY public.blog_leftmessage
    ADD CONSTRAINT blog_leftmessage_pkey PRIMARY KEY (id);


--
-- Name: blog_posts blog_posts_pkey; Type: CONSTRAINT; Schema: public; Owner: jadrezz
--

ALTER TABLE ONLY public.blog_posts
    ADD CONSTRAINT blog_posts_pkey PRIMARY KEY (id);


--
-- Name: blog_posts blog_posts_slug_key; Type: CONSTRAINT; Schema: public; Owner: jadrezz
--

ALTER TABLE ONLY public.blog_posts
    ADD CONSTRAINT blog_posts_slug_key UNIQUE (slug);


--
-- Name: blog_posts_tags blog_posts_tags_pkey; Type: CONSTRAINT; Schema: public; Owner: jadrezz
--

ALTER TABLE ONLY public.blog_posts_tags
    ADD CONSTRAINT blog_posts_tags_pkey PRIMARY KEY (id);


--
-- Name: blog_posts_tags blog_posts_tags_post_id_tags_id_64cdb16b_uniq; Type: CONSTRAINT; Schema: public; Owner: jadrezz
--

ALTER TABLE ONLY public.blog_posts_tags
    ADD CONSTRAINT blog_posts_tags_post_id_tags_id_64cdb16b_uniq UNIQUE (post_id, tags_id);


--
-- Name: blog_tags blog_tags_pkey; Type: CONSTRAINT; Schema: public; Owner: jadrezz
--

ALTER TABLE ONLY public.blog_tags
    ADD CONSTRAINT blog_tags_pkey PRIMARY KEY (id);


--
-- Name: blog_tags blog_tags_slug_key; Type: CONSTRAINT; Schema: public; Owner: jadrezz
--

ALTER TABLE ONLY public.blog_tags
    ADD CONSTRAINT blog_tags_slug_key UNIQUE (slug);


--
-- Name: blog_tags blog_tags_tag_name_key; Type: CONSTRAINT; Schema: public; Owner: jadrezz
--

ALTER TABLE ONLY public.blog_tags
    ADD CONSTRAINT blog_tags_tag_name_key UNIQUE (tag_name);


--
-- Name: django_admin_log django_admin_log_pkey; Type: CONSTRAINT; Schema: public; Owner: jadrezz
--

ALTER TABLE ONLY public.django_admin_log
    ADD CONSTRAINT django_admin_log_pkey PRIMARY KEY (id);


--
-- Name: django_content_type django_content_type_app_label_model_76bd3d3b_uniq; Type: CONSTRAINT; Schema: public; Owner: jadrezz
--

ALTER TABLE ONLY public.django_content_type
    ADD CONSTRAINT django_content_type_app_label_model_76bd3d3b_uniq UNIQUE (app_label, model);


--
-- Name: django_content_type django_content_type_pkey; Type: CONSTRAINT; Schema: public; Owner: jadrezz
--

ALTER TABLE ONLY public.django_content_type
    ADD CONSTRAINT django_content_type_pkey PRIMARY KEY (id);


--
-- Name: django_migrations django_migrations_pkey; Type: CONSTRAINT; Schema: public; Owner: jadrezz
--

ALTER TABLE ONLY public.django_migrations
    ADD CONSTRAINT django_migrations_pkey PRIMARY KEY (id);


--
-- Name: django_session django_session_pkey; Type: CONSTRAINT; Schema: public; Owner: jadrezz
--

ALTER TABLE ONLY public.django_session
    ADD CONSTRAINT django_session_pkey PRIMARY KEY (session_key);


--
-- Name: users_myuser_groups users_myuser_groups_myuser_id_group_id_701de95c_uniq; Type: CONSTRAINT; Schema: public; Owner: jadrezz
--

ALTER TABLE ONLY public.users_myuser_groups
    ADD CONSTRAINT users_myuser_groups_myuser_id_group_id_701de95c_uniq UNIQUE (myuser_id, group_id);


--
-- Name: users_myuser_groups users_myuser_groups_pkey; Type: CONSTRAINT; Schema: public; Owner: jadrezz
--

ALTER TABLE ONLY public.users_myuser_groups
    ADD CONSTRAINT users_myuser_groups_pkey PRIMARY KEY (id);


--
-- Name: users_myuser users_myuser_pkey; Type: CONSTRAINT; Schema: public; Owner: jadrezz
--

ALTER TABLE ONLY public.users_myuser
    ADD CONSTRAINT users_myuser_pkey PRIMARY KEY (id);


--
-- Name: users_myuser_user_permissions users_myuser_user_permis_myuser_id_permission_id_bfff4a24_uniq; Type: CONSTRAINT; Schema: public; Owner: jadrezz
--

ALTER TABLE ONLY public.users_myuser_user_permissions
    ADD CONSTRAINT users_myuser_user_permis_myuser_id_permission_id_bfff4a24_uniq UNIQUE (myuser_id, permission_id);


--
-- Name: users_myuser_user_permissions users_myuser_user_permissions_pkey; Type: CONSTRAINT; Schema: public; Owner: jadrezz
--

ALTER TABLE ONLY public.users_myuser_user_permissions
    ADD CONSTRAINT users_myuser_user_permissions_pkey PRIMARY KEY (id);


--
-- Name: users_myuser users_myuser_username_key; Type: CONSTRAINT; Schema: public; Owner: jadrezz
--

ALTER TABLE ONLY public.users_myuser
    ADD CONSTRAINT users_myuser_username_key UNIQUE (username);


--
-- Name: auth_group_name_a6ea08ec_like; Type: INDEX; Schema: public; Owner: jadrezz
--

CREATE INDEX auth_group_name_a6ea08ec_like ON public.auth_group USING btree (name varchar_pattern_ops);


--
-- Name: auth_group_permissions_group_id_b120cbf9; Type: INDEX; Schema: public; Owner: jadrezz
--

CREATE INDEX auth_group_permissions_group_id_b120cbf9 ON public.auth_group_permissions USING btree (group_id);


--
-- Name: auth_group_permissions_permission_id_84c5c92e; Type: INDEX; Schema: public; Owner: jadrezz
--

CREATE INDEX auth_group_permissions_permission_id_84c5c92e ON public.auth_group_permissions USING btree (permission_id);


--
-- Name: auth_permission_content_type_id_2f476e4b; Type: INDEX; Schema: public; Owner: jadrezz
--

CREATE INDEX auth_permission_content_type_id_2f476e4b ON public.auth_permission USING btree (content_type_id);


--
-- Name: blog_categories_cat_name_0245b93f_like; Type: INDEX; Schema: public; Owner: jadrezz
--

CREATE INDEX blog_categories_cat_name_0245b93f_like ON public.blog_categories USING btree (cat_name varchar_pattern_ops);


--
-- Name: blog_categories_slug_b3eb2d7a_like; Type: INDEX; Schema: public; Owner: jadrezz
--

CREATE INDEX blog_categories_slug_b3eb2d7a_like ON public.blog_categories USING btree (slug varchar_pattern_ops);


--
-- Name: blog_commen_id_ba089a_idx; Type: INDEX; Schema: public; Owner: jadrezz
--

CREATE INDEX blog_commen_id_ba089a_idx ON public.blog_comment USING btree (id, comment_created DESC);


--
-- Name: blog_comment_author_id_4f11e2e0; Type: INDEX; Schema: public; Owner: jadrezz
--

CREATE INDEX blog_comment_author_id_4f11e2e0 ON public.blog_comment USING btree (author_id);


--
-- Name: blog_comment_post_id_580e96ef; Type: INDEX; Schema: public; Owner: jadrezz
--

CREATE INDEX blog_comment_post_id_580e96ef ON public.blog_comment USING btree (post_id);


--
-- Name: blog_posts_author_id_6f561d00; Type: INDEX; Schema: public; Owner: jadrezz
--

CREATE INDEX blog_posts_author_id_6f561d00 ON public.blog_posts USING btree (author_id);


--
-- Name: blog_posts_category_id_4316690d; Type: INDEX; Schema: public; Owner: jadrezz
--

CREATE INDEX blog_posts_category_id_4316690d ON public.blog_posts USING btree (category_id);


--
-- Name: blog_posts_slug_93227477_like; Type: INDEX; Schema: public; Owner: jadrezz
--

CREATE INDEX blog_posts_slug_93227477_like ON public.blog_posts USING btree (slug varchar_pattern_ops);


--
-- Name: blog_posts_tags_post_id_32404083; Type: INDEX; Schema: public; Owner: jadrezz
--

CREATE INDEX blog_posts_tags_post_id_32404083 ON public.blog_posts_tags USING btree (post_id);


--
-- Name: blog_posts_tags_tags_id_1c3663c9; Type: INDEX; Schema: public; Owner: jadrezz
--

CREATE INDEX blog_posts_tags_tags_id_1c3663c9 ON public.blog_posts_tags USING btree (tags_id);


--
-- Name: blog_posts_timesta_9f12e6_idx; Type: INDEX; Schema: public; Owner: jadrezz
--

CREATE INDEX blog_posts_timesta_9f12e6_idx ON public.blog_posts USING btree (timestamp_created DESC, slug);


--
-- Name: blog_tags_slug_e5cbd335_like; Type: INDEX; Schema: public; Owner: jadrezz
--

CREATE INDEX blog_tags_slug_e5cbd335_like ON public.blog_tags USING btree (slug varchar_pattern_ops);


--
-- Name: blog_tags_tag_name_5b54c1a4_like; Type: INDEX; Schema: public; Owner: jadrezz
--

CREATE INDEX blog_tags_tag_name_5b54c1a4_like ON public.blog_tags USING btree (tag_name varchar_pattern_ops);


--
-- Name: django_admin_log_content_type_id_c4bce8eb; Type: INDEX; Schema: public; Owner: jadrezz
--

CREATE INDEX django_admin_log_content_type_id_c4bce8eb ON public.django_admin_log USING btree (content_type_id);


--
-- Name: django_admin_log_user_id_c564eba6; Type: INDEX; Schema: public; Owner: jadrezz
--

CREATE INDEX django_admin_log_user_id_c564eba6 ON public.django_admin_log USING btree (user_id);


--
-- Name: django_session_expire_date_a5c62663; Type: INDEX; Schema: public; Owner: jadrezz
--

CREATE INDEX django_session_expire_date_a5c62663 ON public.django_session USING btree (expire_date);


--
-- Name: django_session_session_key_c0390e0f_like; Type: INDEX; Schema: public; Owner: jadrezz
--

CREATE INDEX django_session_session_key_c0390e0f_like ON public.django_session USING btree (session_key varchar_pattern_ops);


--
-- Name: users_myuser_groups_group_id_320a3e7b; Type: INDEX; Schema: public; Owner: jadrezz
--

CREATE INDEX users_myuser_groups_group_id_320a3e7b ON public.users_myuser_groups USING btree (group_id);


--
-- Name: users_myuser_groups_myuser_id_6c79e2c5; Type: INDEX; Schema: public; Owner: jadrezz
--

CREATE INDEX users_myuser_groups_myuser_id_6c79e2c5 ON public.users_myuser_groups USING btree (myuser_id);


--
-- Name: users_myuser_user_permissions_myuser_id_7135c2f9; Type: INDEX; Schema: public; Owner: jadrezz
--

CREATE INDEX users_myuser_user_permissions_myuser_id_7135c2f9 ON public.users_myuser_user_permissions USING btree (myuser_id);


--
-- Name: users_myuser_user_permissions_permission_id_6f8831ec; Type: INDEX; Schema: public; Owner: jadrezz
--

CREATE INDEX users_myuser_user_permissions_permission_id_6f8831ec ON public.users_myuser_user_permissions USING btree (permission_id);


--
-- Name: users_myuser_username_25718abe_like; Type: INDEX; Schema: public; Owner: jadrezz
--

CREATE INDEX users_myuser_username_25718abe_like ON public.users_myuser USING btree (username varchar_pattern_ops);


--
-- Name: auth_group_permissions auth_group_permissio_permission_id_84c5c92e_fk_auth_perm; Type: FK CONSTRAINT; Schema: public; Owner: jadrezz
--

ALTER TABLE ONLY public.auth_group_permissions
    ADD CONSTRAINT auth_group_permissio_permission_id_84c5c92e_fk_auth_perm FOREIGN KEY (permission_id) REFERENCES public.auth_permission(id) DEFERRABLE INITIALLY DEFERRED;


--
-- Name: auth_group_permissions auth_group_permissions_group_id_b120cbf9_fk_auth_group_id; Type: FK CONSTRAINT; Schema: public; Owner: jadrezz
--

ALTER TABLE ONLY public.auth_group_permissions
    ADD CONSTRAINT auth_group_permissions_group_id_b120cbf9_fk_auth_group_id FOREIGN KEY (group_id) REFERENCES public.auth_group(id) DEFERRABLE INITIALLY DEFERRED;


--
-- Name: auth_permission auth_permission_content_type_id_2f476e4b_fk_django_co; Type: FK CONSTRAINT; Schema: public; Owner: jadrezz
--

ALTER TABLE ONLY public.auth_permission
    ADD CONSTRAINT auth_permission_content_type_id_2f476e4b_fk_django_co FOREIGN KEY (content_type_id) REFERENCES public.django_content_type(id) DEFERRABLE INITIALLY DEFERRED;


--
-- Name: blog_comment blog_comment_author_id_4f11e2e0_fk_users_myuser_id; Type: FK CONSTRAINT; Schema: public; Owner: jadrezz
--

ALTER TABLE ONLY public.blog_comment
    ADD CONSTRAINT blog_comment_author_id_4f11e2e0_fk_users_myuser_id FOREIGN KEY (author_id) REFERENCES public.users_myuser(id) DEFERRABLE INITIALLY DEFERRED;


--
-- Name: blog_comment blog_comment_post_id_580e96ef_fk_blog_posts_id; Type: FK CONSTRAINT; Schema: public; Owner: jadrezz
--

ALTER TABLE ONLY public.blog_comment
    ADD CONSTRAINT blog_comment_post_id_580e96ef_fk_blog_posts_id FOREIGN KEY (post_id) REFERENCES public.blog_posts(id) DEFERRABLE INITIALLY DEFERRED;


--
-- Name: blog_posts blog_posts_author_id_6f561d00_fk_users_myuser_id; Type: FK CONSTRAINT; Schema: public; Owner: jadrezz
--

ALTER TABLE ONLY public.blog_posts
    ADD CONSTRAINT blog_posts_author_id_6f561d00_fk_users_myuser_id FOREIGN KEY (author_id) REFERENCES public.users_myuser(id) DEFERRABLE INITIALLY DEFERRED;


--
-- Name: blog_posts blog_posts_category_id_4316690d_fk_blog_categories_id; Type: FK CONSTRAINT; Schema: public; Owner: jadrezz
--

ALTER TABLE ONLY public.blog_posts
    ADD CONSTRAINT blog_posts_category_id_4316690d_fk_blog_categories_id FOREIGN KEY (category_id) REFERENCES public.blog_categories(id) DEFERRABLE INITIALLY DEFERRED;


--
-- Name: blog_posts_tags blog_posts_tags_post_id_32404083_fk_blog_posts_id; Type: FK CONSTRAINT; Schema: public; Owner: jadrezz
--

ALTER TABLE ONLY public.blog_posts_tags
    ADD CONSTRAINT blog_posts_tags_post_id_32404083_fk_blog_posts_id FOREIGN KEY (post_id) REFERENCES public.blog_posts(id) DEFERRABLE INITIALLY DEFERRED;


--
-- Name: blog_posts_tags blog_posts_tags_tags_id_1c3663c9_fk_blog_tags_id; Type: FK CONSTRAINT; Schema: public; Owner: jadrezz
--

ALTER TABLE ONLY public.blog_posts_tags
    ADD CONSTRAINT blog_posts_tags_tags_id_1c3663c9_fk_blog_tags_id FOREIGN KEY (tags_id) REFERENCES public.blog_tags(id) DEFERRABLE INITIALLY DEFERRED;


--
-- Name: django_admin_log django_admin_log_content_type_id_c4bce8eb_fk_django_co; Type: FK CONSTRAINT; Schema: public; Owner: jadrezz
--

ALTER TABLE ONLY public.django_admin_log
    ADD CONSTRAINT django_admin_log_content_type_id_c4bce8eb_fk_django_co FOREIGN KEY (content_type_id) REFERENCES public.django_content_type(id) DEFERRABLE INITIALLY DEFERRED;


--
-- Name: django_admin_log django_admin_log_user_id_c564eba6_fk_users_myuser_id; Type: FK CONSTRAINT; Schema: public; Owner: jadrezz
--

ALTER TABLE ONLY public.django_admin_log
    ADD CONSTRAINT django_admin_log_user_id_c564eba6_fk_users_myuser_id FOREIGN KEY (user_id) REFERENCES public.users_myuser(id) DEFERRABLE INITIALLY DEFERRED;


--
-- Name: users_myuser_groups users_myuser_groups_group_id_320a3e7b_fk_auth_group_id; Type: FK CONSTRAINT; Schema: public; Owner: jadrezz
--

ALTER TABLE ONLY public.users_myuser_groups
    ADD CONSTRAINT users_myuser_groups_group_id_320a3e7b_fk_auth_group_id FOREIGN KEY (group_id) REFERENCES public.auth_group(id) DEFERRABLE INITIALLY DEFERRED;


--
-- Name: users_myuser_groups users_myuser_groups_myuser_id_6c79e2c5_fk_users_myuser_id; Type: FK CONSTRAINT; Schema: public; Owner: jadrezz
--

ALTER TABLE ONLY public.users_myuser_groups
    ADD CONSTRAINT users_myuser_groups_myuser_id_6c79e2c5_fk_users_myuser_id FOREIGN KEY (myuser_id) REFERENCES public.users_myuser(id) DEFERRABLE INITIALLY DEFERRED;


--
-- Name: users_myuser_user_permissions users_myuser_user_pe_myuser_id_7135c2f9_fk_users_myu; Type: FK CONSTRAINT; Schema: public; Owner: jadrezz
--

ALTER TABLE ONLY public.users_myuser_user_permissions
    ADD CONSTRAINT users_myuser_user_pe_myuser_id_7135c2f9_fk_users_myu FOREIGN KEY (myuser_id) REFERENCES public.users_myuser(id) DEFERRABLE INITIALLY DEFERRED;


--
-- Name: users_myuser_user_permissions users_myuser_user_pe_permission_id_6f8831ec_fk_auth_perm; Type: FK CONSTRAINT; Schema: public; Owner: jadrezz
--

ALTER TABLE ONLY public.users_myuser_user_permissions
    ADD CONSTRAINT users_myuser_user_pe_permission_id_6f8831ec_fk_auth_perm FOREIGN KEY (permission_id) REFERENCES public.auth_permission(id) DEFERRABLE INITIALLY DEFERRED;


--
-- PostgreSQL database dump complete
--

